Job_ID,Year,Job_Role,Country,Experience_Level,Industry,Salary_USD
1,2025,ML Engineer,USA,Entry,Finance,69184.0
2,2024,AI Engineer,India,Entry,IT Services,66868.0
3,2024,Business Analyst,India,Senior,Finance,97314.0
4,2023,Business Analyst,UK,Entry,Finance,149974.0
5,2022,Data Scientist,USA,Mid,IT Services,
6,2020,ML Engineer,UK,Senior,Healthcare,
7,2024,Data Analyst,Germany,Entry,Manufacturing,
8,2024,Data Scientist,India,Entry,Finance,
9,2026,Data Scientist,India,Mid,Healthcare,115861.0
10,2021,ML Engineer,UK,Entry,Healthcare,
11,2024,Data Scientist,USA,Mid,E-commerce,58717.0
12,2025,ML Engineer,India,Entry,IT Services,110765.0
13,2022,Data Analyst,USA,Senior,Healthcare,
14,2023,AI Engineer,USA,Mid,Finance,
15,2025,Business Analyst,Germany,Senior,E-commerce,
16,2021,Business Analyst,Germany,Entry,IT Services,134895.0
17,2025,Data Scientist,Germany,Senior,IT Services,68743.0
18,2024,AI Engineer,Canada,Mid,Manufacturing,
19,2025,Business Analyst,UK,Senior,Healthcare,43009.0
20,2023,Data Scientist,Germany,Entry,Healthcare,
21,2024,Data Analyst,UK,Senior,Manufacturing,171225.0
22,2022,Data Scientist,Canada,Senior,IT Services,92143.0
23,2020,Data Analyst,UK,Mid,Finance,
24,2024,Data Analyst,India,Senior,E-commerce,55184.0
25,2021,AI Engineer,Canada,Entry,Healthcare,58143.0
26,2021,Business Analyst,USA,Senior,Healthcare,
27,2023,Business Analyst,Germany,Entry,Finance,
28,2022,Data Analyst,Canada,Senior,Finance,98903.0
29,2020,Data Analyst,USA,Entry,IT Services,97728.0
30,2024,Data Scientist,UK,Senior,E-commerce,126619.0
31,2025,Business Analyst,Canada,Mid,Finance,96160.0
32,2021,Data Analyst,India,Senior,E-commerce,
33,2023,AI Engineer,India,Senior,IT Services,
34,2025,ML Engineer,India,Entry,Finance,
35,2021,AI Engineer,USA,Mid,E-commerce,
36,2023,Business Analyst,India,Entry,Manufacturing,105485.0
37,2026,Data Scientist,USA,Mid,E-commerce,43868.0
38,2026,AI Engineer,India,Entry,E-commerce,166185.0
39,2022,AI Engineer,UK,Mid,Manufacturing,
40,2021,ML Engineer,USA,Entry,Manufacturing,167577.0
41,2020,Data Analyst,Canada,Mid,Manufacturing,
42,2020,Business Analyst,India,Entry,IT Services,179231.0
43,2023,Data Analyst,Canada,Entry,Manufacturing,57815.0
44,2023,Business Analyst,Canada,Senior,Healthcare,50418.0
45,2025,ML Engineer,USA,Mid,E-commerce,108358.0
46,2023,ML Engineer,India,Entry,E-commerce,
47,2024,Data Scientist,Canada,Mid,Finance,66209.0
48,2021,ML Engineer,UK,Entry,E-commerce,131490.0
49,2025,Business Analyst,UK,Senior,IT Services,119303.0
50,2020,Data Analyst,Canada,Entry,Healthcare,
51,2025,ML Engineer,USA,Senior,Healthcare,113860.0
52,2022,Data Analyst,India,Senior,E-commerce,
53,2020,ML Engineer,USA,Senior,Healthcare,112530.0
54,2024,AI Engineer,Canada,Entry,IT Services,
55,2024,Data Analyst,UK,Senior,Manufacturing,59724.0
56,2021,Data Analyst,UK,Mid,IT Services,
57,2025,Data Scientist,India,Mid,Manufacturing,133797.0
58,2021,Data Scientist,USA,Mid,IT Services,146529.0
59,2026,AI Engineer,USA,Mid,Finance,
60,2026,Data Analyst,Germany,Entry,Finance,
61,2022,Data Scientist,USA,Entry,Finance,
62,2022,Data Analyst,UK,Mid,Manufacturing,
63,2020,Data Analyst,UK,Entry,Manufacturing,
64,2020,Business Analyst,Germany,Mid,Healthcare,109590.0
65,2023,Business Analyst,USA,Mid,IT Services,154398.0
66,2024,Business Analyst,USA,Mid,E-commerce,154309.0
67,2024,ML Engineer,India,Senior,Healthcare,
68,2025,AI Engineer,UK,Mid,Healthcare,
69,2023,AI Engineer,USA,Senior,Manufacturing,73367.0
70,2024,Data Analyst,UK,Mid,Finance,
71,2023,AI Engineer,Germany,Senior,Finance,
72,2026,Data Scientist,India,Mid,Manufacturing,
73,2026,Data Scientist,UK,Entry,Finance,127867.0
74,2020,Data Scientist,Germany,Senior,IT Services,78627.0
75,2025,Business Analyst,USA,Senior,E-commerce,
76,2021,Data Scientist,India,Entry,E-commerce,
77,2026,Business Analyst,Germany,Entry,Manufacturing,97367.0
78,2023,Data Scientist,Germany,Senior,Manufacturing,105325.0
79,2024,Business Analyst,Germany,Senior,E-commerce,
80,2023,ML Engineer,USA,Senior,Healthcare,
81,2025,Data Scientist,UK,Mid,IT Services,
82,2022,ML Engineer,UK,Senior,IT Services,114901.0
83,2021,AI Engineer,USA,Senior,Finance,76273.0
84,2023,ML Engineer,Canada,Mid,E-commerce,
85,2026,AI Engineer,Germany,Senior,IT Services,56322.0
86,2020,ML Engineer,UK,Mid,E-commerce,
87,2021,ML Engineer,Germany,Mid,IT Services,
88,2025,AI Engineer,USA,Mid,Finance,
89,2024,Business Analyst,India,Entry,E-commerce,
90,2021,Data Analyst,UK,Mid,Healthcare,
91,2022,ML Engineer,Germany,Mid,E-commerce,
92,2023,Data Analyst,Canada,Entry,Healthcare,106131.0
93,2026,Data Analyst,India,Entry,Finance,98778.0
94,2021,Data Scientist,Germany,Senior,IT Services,45342.0
95,2025,ML Engineer,UK,Entry,Manufacturing,
96,2022,Data Analyst,Canada,Entry,Healthcare,70024.0
97,2025,Data Scientist,India,Senior,Finance,
98,2026,Business Analyst,India,Senior,IT Services,
99,2025,ML Engineer,India,Senior,Healthcare,
100,2026,AI Engineer,India,Mid,Healthcare,
101,2023,Data Scientist,Canada,Senior,Healthcare,160517.0
102,2023,Business Analyst,UK,Mid,Finance,
103,2023,Data Scientist,Germany,Senior,Manufacturing,
104,2020,AI Engineer,UK,Entry,E-commerce,
105,2026,ML Engineer,UK,Mid,Manufacturing,
106,2024,Data Scientist,India,Entry,E-commerce,112422.0
107,2025,AI Engineer,Germany,Mid,IT Services,168077.0
108,2021,AI Engineer,USA,Mid,Manufacturing,
109,2024,Business Analyst,UK,Mid,Manufacturing,
110,2025,AI Engineer,UK,Mid,Healthcare,
111,2025,Data Scientist,UK,Entry,Manufacturing,100434.0
112,2021,AI Engineer,UK,Senior,Manufacturing,88535.0
113,2020,Data Scientist,UK,Entry,Healthcare,
114,2020,Business Analyst,USA,Mid,IT Services,
115,2025,Data Scientist,Germany,Entry,IT Services,
116,2023,AI Engineer,UK,Entry,IT Services,
117,2020,Data Analyst,Germany,Mid,IT Services,
118,2021,Business Analyst,UK,Entry,Finance,54053.0
119,2024,Business Analyst,Canada,Entry,Manufacturing,
120,2023,ML Engineer,Canada,Mid,Healthcare,
121,2026,Data Scientist,USA,Mid,IT Services,55789.0
122,2021,Business Analyst,India,Entry,IT Services,81171.0
123,2025,Business Analyst,Germany,Mid,IT Services,
124,2025,ML Engineer,Germany,Entry,Finance,
125,2023,Data Analyst,Canada,Entry,Finance,109351.0
126,2020,Data Analyst,USA,Mid,Manufacturing,109633.0
127,2020,AI Engineer,UK,Senior,E-commerce,
128,2023,Data Analyst,Canada,Entry,E-commerce,
129,2020,Data Analyst,USA,Senior,Manufacturing,
130,2024,Data Analyst,USA,Mid,Manufacturing,
131,2021,Business Analyst,Germany,Senior,E-commerce,
132,2022,AI Engineer,UK,Mid,IT Services,
133,2023,AI Engineer,UK,Senior,E-commerce,
134,2020,ML Engineer,UK,Mid,IT Services,
135,2025,Business Analyst,Germany,Mid,IT Services,145952.0
136,2024,AI Engineer,Germany,Entry,Finance,
137,2022,AI Engineer,Germany,Entry,IT Services,110007.0
138,2022,Business Analyst,India,Senior,E-commerce,102730.0
139,2026,Data Analyst,Germany,Entry,Finance,64434.0
140,2024,ML Engineer,Germany,Mid,E-commerce,
141,2024,Data Scientist,Germany,Entry,Manufacturing,
142,2026,Data Analyst,UK,Mid,Healthcare,173232.0
143,2026,Data Analyst,UK,Senior,Healthcare,
144,2023,Business Analyst,Germany,Mid,Healthcare,168356.0
145,2022,Data Scientist,USA,Senior,E-commerce,
146,2020,ML Engineer,Germany,Senior,E-commerce,
147,2023,Data Analyst,USA,Senior,Manufacturing,141208.0
148,2026,AI Engineer,India,Senior,E-commerce,127030.0
149,2023,Data Scientist,India,Mid,Healthcare,44023.0
150,2025,Data Analyst,UK,Senior,Manufacturing,
151,2025,AI Engineer,Canada,Entry,Manufacturing,
152,2025,ML Engineer,USA,Senior,IT Services,57936.0
153,2026,Data Analyst,Germany,Entry,Healthcare,153763.0
154,2022,Data Analyst,UK,Mid,Healthcare,47588.0
155,2021,Business Analyst,Germany,Senior,Finance,152901.0
156,2020,Business Analyst,Germany,Senior,Finance,84560.0
157,2021,AI Engineer,UK,Mid,Healthcare,170460.0
158,2022,Business Analyst,USA,Entry,E-commerce,
159,2025,AI Engineer,UK,Mid,Healthcare,
160,2026,AI Engineer,India,Entry,E-commerce,
161,2025,ML Engineer,India,Senior,E-commerce,
162,2024,Data Analyst,Canada,Senior,E-commerce,111953.0
163,2024,ML Engineer,USA,Senior,Finance,115024.0
164,2025,Data Analyst,India,Mid,E-commerce,105700.0
165,2025,Data Scientist,India,Mid,Healthcare,
166,2021,Data Scientist,Canada,Mid,Manufacturing,148921.0
167,2026,Data Scientist,UK,Mid,Healthcare,
168,2023,Data Analyst,USA,Entry,E-commerce,128792.0
169,2026,AI Engineer,India,Mid,Manufacturing,135885.0
170,2022,ML Engineer,Canada,Mid,Healthcare,
171,2023,Data Analyst,Canada,Senior,Healthcare,68402.0
172,2025,AI Engineer,UK,Senior,E-commerce,98030.0
173,2020,Data Analyst,UK,Mid,IT Services,70585.0
174,2024,Data Scientist,Germany,Mid,Healthcare,65478.0
175,2023,Data Analyst,Germany,Senior,E-commerce,149871.0
176,2025,ML Engineer,USA,Mid,E-commerce,113332.0
177,2020,ML Engineer,Canada,Senior,Healthcare,
178,2022,Data Scientist,India,Mid,IT Services,
179,2020,ML Engineer,USA,Entry,Manufacturing,95602.0
180,2026,Business Analyst,USA,Senior,Finance,93793.0
181,2026,Data Scientist,Canada,Entry,Healthcare,
182,2024,ML Engineer,USA,Entry,IT Services,77929.0
183,2022,Data Scientist,Canada,Mid,IT Services,74551.0
184,2020,Data Scientist,Germany,Senior,IT Services,
185,2023,ML Engineer,Canada,Senior,IT Services,
186,2024,Data Analyst,Canada,Mid,E-commerce,158490.0
187,2023,AI Engineer,Germany,Senior,IT Services,48165.0
188,2020,Data Analyst,UK,Senior,Finance,
189,2022,Business Analyst,Canada,Senior,Healthcare,57218.0
190,2023,Business Analyst,Canada,Mid,IT Services,
191,2023,AI Engineer,USA,Mid,Healthcare,69992.0
192,2023,Data Analyst,UK,Mid,Healthcare,
193,2021,AI Engineer,India,Entry,IT Services,
194,2020,ML Engineer,USA,Senior,IT Services,
195,2023,ML Engineer,Germany,Senior,IT Services,126414.0
196,2022,Data Analyst,Canada,Senior,Finance,
197,2021,Data Analyst,UK,Senior,Healthcare,
198,2024,Data Scientist,Germany,Senior,Manufacturing,
199,2020,Data Scientist,UK,Senior,Healthcare,
200,2020,Data Scientist,USA,Senior,E-commerce,
201,2025,Data Analyst,India,Senior,Manufacturing,58241.0
202,2023,AI Engineer,UK,Entry,Healthcare,
203,2026,Business Analyst,Canada,Entry,IT Services,
204,2026,Business Analyst,India,Senior,IT Services,80784.0
205,2025,AI Engineer,Germany,Senior,E-commerce,
206,2021,Business Analyst,India,Mid,E-commerce,
207,2025,Business Analyst,Germany,Senior,Healthcare,
208,2023,Business Analyst,India,Entry,Finance,51905.0
209,2026,Data Scientist,UK,Mid,Healthcare,119015.0
210,2023,AI Engineer,USA,Entry,E-commerce,71453.0
211,2024,Business Analyst,UK,Entry,E-commerce,179613.0
212,2020,AI Engineer,India,Mid,Manufacturing,
213,2025,AI Engineer,UK,Entry,E-commerce,
214,2021,Business Analyst,Germany,Senior,Healthcare,
215,2026,Data Analyst,USA,Mid,Manufacturing,
216,2023,ML Engineer,UK,Entry,Healthcare,144975.0
217,2024,Data Analyst,Canada,Senior,Finance,84074.0
218,2025,Data Scientist,USA,Entry,Finance,
219,2021,Business Analyst,USA,Senior,IT Services,107100.0
220,2023,Business Analyst,Canada,Mid,Manufacturing,
221,2021,AI Engineer,India,Mid,E-commerce,
222,2024,Data Analyst,UK,Senior,IT Services,
223,2023,Data Analyst,India,Mid,Healthcare,
224,2024,Business Analyst,Canada,Mid,E-commerce,60114.0
225,2026,Business Analyst,USA,Mid,Manufacturing,
226,2020,AI Engineer,India,Mid,IT Services,164683.0
227,2020,Data Scientist,Germany,Mid,Manufacturing,172264.0
228,2022,ML Engineer,UK,Mid,E-commerce,177035.0
229,2026,ML Engineer,India,Mid,IT Services,128700.0
230,2022,Business Analyst,USA,Mid,IT Services,
231,2022,AI Engineer,USA,Senior,IT Services,
232,2025,ML Engineer,USA,Senior,Manufacturing,
233,2024,ML Engineer,India,Mid,Healthcare,
234,2022,AI Engineer,USA,Entry,Finance,87254.0
235,2022,Data Analyst,Canada,Senior,Manufacturing,80617.0
236,2026,Business Analyst,USA,Senior,E-commerce,
237,2021,Business Analyst,USA,Senior,E-commerce,80436.0
238,2022,Data Scientist,Germany,Senior,Healthcare,
239,2024,Data Scientist,UK,Mid,Finance,157683.0
240,2023,ML Engineer,Germany,Senior,Manufacturing,
241,2026,Data Scientist,Canada,Entry,Healthcare,149749.0
242,2026,ML Engineer,Canada,Entry,Manufacturing,
243,2020,Data Scientist,UK,Mid,Manufacturing,
244,2020,Data Scientist,Germany,Mid,IT Services,
245,2023,Business Analyst,UK,Entry,E-commerce,148762.0
246,2021,Data Analyst,UK,Entry,Healthcare,
247,2020,ML Engineer,Germany,Senior,Finance,78285.0
248,2024,Data Analyst,India,Entry,Healthcare,
249,2024,Business Analyst,Canada,Mid,IT Services,96532.0
250,2022,Data Analyst,India,Entry,E-commerce,115524.0
251,2020,AI Engineer,Canada,Senior,IT Services,159829.0
252,2025,Data Scientist,UK,Mid,IT Services,175102.0
253,2024,AI Engineer,USA,Senior,IT Services,132488.0
254,2020,Business Analyst,Canada,Senior,Manufacturing,
255,2026,AI Engineer,India,Senior,E-commerce,
256,2025,Data Analyst,UK,Entry,Healthcare,
257,2026,Business Analyst,UK,Entry,IT Services,103209.0
258,2026,Data Scientist,Germany,Senior,E-commerce,
259,2020,AI Engineer,India,Mid,Finance,87783.0
260,2020,ML Engineer,UK,Senior,E-commerce,51483.0
261,2020,Data Scientist,UK,Mid,IT Services,
262,2020,ML Engineer,Germany,Mid,E-commerce,
263,2021,AI Engineer,Germany,Mid,Manufacturing,
264,2025,AI Engineer,India,Mid,Manufacturing,109919.0
265,2022,Data Analyst,India,Mid,Healthcare,
266,2024,AI Engineer,USA,Senior,E-commerce,
267,2020,ML Engineer,Canada,Mid,Healthcare,
268,2025,AI Engineer,UK,Senior,Finance,55036.0
269,2026,Business Analyst,Germany,Entry,Finance,48163.0
270,2026,ML Engineer,UK,Mid,Manufacturing,57624.0
271,2025,AI Engineer,UK,Mid,E-commerce,48489.0
272,2024,ML Engineer,Germany,Mid,Healthcare,60155.0
273,2020,Data Scientist,Germany,Senior,E-commerce,105434.0
274,2026,ML Engineer,Germany,Entry,Manufacturing,
275,2021,Data Analyst,USA,Entry,E-commerce,
276,2020,ML Engineer,UK,Senior,IT Services,
277,2026,Data Scientist,USA,Mid,Manufacturing,
278,2021,Data Scientist,USA,Mid,IT Services,98783.0
279,2023,Business Analyst,USA,Senior,IT Services,
280,2023,AI Engineer,Canada,Mid,E-commerce,
281,2022,Data Analyst,Germany,Mid,Manufacturing,59333.0
282,2026,Business Analyst,Canada,Entry,Finance,130312.0
283,2026,Data Analyst,Canada,Entry,Healthcare,153408.0
284,2022,Data Scientist,UK,Senior,Healthcare,83163.0
285,2021,Business Analyst,UK,Entry,Healthcare,
286,2024,Data Scientist,Canada,Senior,Finance,179848.0
287,2026,Business Analyst,India,Entry,IT Services,
288,2025,Data Scientist,Canada,Mid,Manufacturing,
289,2025,Business Analyst,UK,Senior,Healthcare,
290,2026,AI Engineer,UK,Mid,IT Services,166601.0
291,2023,AI Engineer,Germany,Mid,Finance,55705.0
292,2022,ML Engineer,UK,Mid,Finance,129179.0
293,2022,Data Scientist,Germany,Entry,Healthcare,137134.0
294,2021,Data Analyst,India,Mid,E-commerce,157858.0
295,2026,Data Scientist,UK,Senior,Healthcare,149611.0
296,2023,Business Analyst,Germany,Mid,Healthcare,89763.0
297,2020,AI Engineer,Canada,Mid,Finance,170382.0
298,2020,Data Analyst,UK,Mid,Manufacturing,
299,2024,Data Analyst,India,Mid,Finance,
300,2026,AI Engineer,UK,Entry,E-commerce,
301,2022,Business Analyst,UK,Entry,E-commerce,53410.0
302,2026,Business Analyst,UK,Senior,Manufacturing,
303,2020,AI Engineer,UK,Mid,Manufacturing,71145.0
304,2021,Business Analyst,Canada,Mid,Manufacturing,135841.0
305,2020,Data Scientist,UK,Mid,Manufacturing,50552.0
306,2024,Business Analyst,USA,Mid,Manufacturing,159796.0
307,2023,Business Analyst,UK,Senior,Healthcare,123500.0
308,2025,Business Analyst,UK,Mid,IT Services,
309,2025,Data Analyst,Germany,Senior,Healthcare,
310,2022,Business Analyst,Canada,Entry,IT Services,
311,2024,Business Analyst,Germany,Entry,Finance,165946.0
312,2021,Data Analyst,Germany,Mid,E-commerce,48276.0
313,2025,Data Scientist,Germany,Senior,Manufacturing,
314,2025,Data Scientist,Canada,Entry,Manufacturing,163628.0
315,2024,AI Engineer,UK,Entry,E-commerce,
316,2024,ML Engineer,UK,Senior,E-commerce,
317,2022,Business Analyst,UK,Entry,Healthcare,90400.0
318,2025,AI Engineer,UK,Mid,Healthcare,115760.0
319,2020,Business Analyst,Canada,Mid,E-commerce,
320,2022,Data Analyst,UK,Senior,IT Services,130474.0
321,2025,ML Engineer,Germany,Entry,Finance,
322,2021,Data Analyst,Canada,Senior,Manufacturing,
323,2020,Business Analyst,USA,Senior,Finance,102726.0
324,2023,ML Engineer,Germany,Entry,Finance,53760.0
325,2023,AI Engineer,Germany,Senior,Finance,41358.0
326,2022,Data Analyst,India,Senior,Manufacturing,
327,2021,AI Engineer,USA,Entry,E-commerce,100875.0
328,2025,ML Engineer,India,Entry,Healthcare,169861.0
329,2022,AI Engineer,Canada,Senior,E-commerce,
330,2022,Data Scientist,India,Mid,Finance,
331,2025,Data Scientist,India,Senior,Healthcare,
332,2021,Business Analyst,Germany,Mid,Manufacturing,117338.0
333,2023,Data Analyst,USA,Entry,E-commerce,125964.0
334,2020,ML Engineer,Germany,Entry,E-commerce,124830.0
335,2022,Business Analyst,Canada,Entry,Healthcare,
336,2020,Data Analyst,Germany,Mid,Finance,134254.0
337,2025,Data Analyst,UK,Mid,Manufacturing,
338,2021,AI Engineer,USA,Mid,Manufacturing,97894.0
339,2025,Business Analyst,Germany,Senior,Finance,
340,2024,AI Engineer,Canada,Senior,Healthcare,104871.0
341,2020,Business Analyst,Canada,Entry,Manufacturing,60474.0
342,2022,Business Analyst,Germany,Entry,Finance,79282.0
343,2024,AI Engineer,India,Mid,Finance,168143.0
344,2023,Business Analyst,India,Senior,E-commerce,
345,2023,ML Engineer,India,Senior,Finance,120784.0
346,2023,ML Engineer,India,Senior,IT Services,59144.0
347,2020,ML Engineer,Germany,Entry,Finance,
348,2023,AI Engineer,Germany,Mid,IT Services,
349,2020,Data Scientist,Canada,Mid,Manufacturing,
350,2026,Data Analyst,India,Mid,E-commerce,73383.0
351,2026,Data Scientist,USA,Mid,Healthcare,
352,2021,Data Analyst,India,Senior,E-commerce,
353,2021,Data Analyst,India,Senior,IT Services,44101.0
354,2021,Data Analyst,Germany,Mid,Finance,157031.0
355,2021,Business Analyst,UK,Entry,Manufacturing,96955.0
356,2021,ML Engineer,USA,Senior,Manufacturing,
357,2022,ML Engineer,India,Senior,Manufacturing,
358,2024,AI Engineer,India,Mid,E-commerce,
359,2025,AI Engineer,Germany,Entry,Healthcare,
360,2026,Business Analyst,Germany,Entry,Finance,138686.0
361,2026,AI Engineer,India,Senior,E-commerce,118836.0
362,2023,Data Scientist,UK,Entry,Healthcare,149185.0
363,2026,ML Engineer,India,Senior,Finance,
364,2023,Business Analyst,Canada,Entry,IT Services,
365,2023,Data Scientist,UK,Mid,IT Services,89325.0
366,2025,Data Analyst,Germany,Entry,Manufacturing,95524.0
367,2021,Business Analyst,UK,Mid,E-commerce,
368,2022,ML Engineer,UK,Senior,E-commerce,
369,2026,AI Engineer,UK,Entry,Healthcare,162160.0
370,2020,Business Analyst,USA,Senior,Finance,
371,2024,Business Analyst,Canada,Senior,E-commerce,
372,2021,ML Engineer,USA,Mid,Manufacturing,117382.0
373,2024,ML Engineer,UK,Mid,E-commerce,
374,2025,ML Engineer,USA,Entry,Manufacturing,160803.0
375,2024,Data Analyst,Canada,Entry,IT Services,168009.0
376,2023,Data Scientist,USA,Entry,Finance,52717.0
377,2024,AI Engineer,UK,Entry,Manufacturing,42396.0
378,2020,Data Analyst,Canada,Senior,E-commerce,
379,2024,ML Engineer,Canada,Mid,IT Services,43106.0
380,2026,Data Scientist,India,Entry,Manufacturing,
381,2021,Business Analyst,Canada,Mid,Healthcare,79032.0
382,2020,ML Engineer,Germany,Mid,Manufacturing,
383,2022,Data Analyst,India,Entry,E-commerce,103755.0
384,2024,AI Engineer,India,Senior,IT Services,
385,2023,AI Engineer,UK,Senior,IT Services,84927.0
386,2021,Data Scientist,Canada,Mid,Healthcare,178453.0
387,2025,ML Engineer,Canada,Senior,IT Services,52205.0
388,2020,Data Scientist,Canada,Entry,E-commerce,
389,2021,Business Analyst,USA,Senior,E-commerce,
390,2026,Data Scientist,India,Senior,Healthcare,
391,2023,Data Scientist,India,Mid,Manufacturing,54076.0
392,2020,ML Engineer,Germany,Mid,Finance,
393,2023,Data Scientist,Canada,Senior,E-commerce,
394,2026,Data Scientist,India,Entry,Healthcare,
395,2025,Data Scientist,Germany,Mid,Healthcare,
396,2020,ML Engineer,Germany,Mid,Healthcare,67931.0
397,2020,Data Scientist,Germany,Mid,Manufacturing,66799.0
398,2020,Data Analyst,India,Mid,Manufacturing,
399,2026,AI Engineer,India,Mid,E-commerce,
400,2025,Business Analyst,USA,Senior,Manufacturing,141659.0
401,2021,Data Scientist,UK,Mid,Healthcare,
402,2020,Data Scientist,Germany,Mid,E-commerce,169269.0
403,2026,Data Analyst,UK,Mid,Finance,
404,2023,Data Analyst,USA,Mid,IT Services,169971.0
405,2026,Business Analyst,Germany,Mid,E-commerce,
406,2026,Business Analyst,USA,Mid,Healthcare,
407,2022,Data Scientist,Germany,Mid,Healthcare,
408,2022,AI Engineer,UK,Mid,Healthcare,168714.0
409,2024,Business Analyst,USA,Senior,Manufacturing,69855.0
410,2025,Data Scientist,Germany,Mid,IT Services,
411,2021,ML Engineer,USA,Mid,Finance,
412,2020,AI Engineer,Canada,Mid,Manufacturing,
413,2024,Data Analyst,UK,Senior,Manufacturing,
414,2026,Data Scientist,UK,Entry,Manufacturing,62277.0
415,2026,ML Engineer,Germany,Entry,IT Services,
416,2021,Business Analyst,Canada,Senior,Manufacturing,
417,2022,AI Engineer,Germany,Senior,Manufacturing,
418,2022,Data Analyst,Germany,Entry,Healthcare,171194.0
419,2020,Data Scientist,UK,Mid,Healthcare,149045.0
420,2024,AI Engineer,UK,Mid,IT Services,159362.0
421,2022,Data Analyst,UK,Entry,IT Services,
422,2025,Data Analyst,USA,Senior,Finance,
423,2024,Data Scientist,UK,Senior,E-commerce,175264.0
424,2026,AI Engineer,USA,Entry,E-commerce,161124.0
425,2025,Business Analyst,USA,Mid,Manufacturing,143699.0
426,2020,Data Scientist,USA,Mid,IT Services,
427,2022,ML Engineer,USA,Mid,IT Services,66673.0
428,2024,ML Engineer,Canada,Mid,Manufacturing,
429,2022,ML Engineer,Germany,Senior,Finance,142903.0
430,2025,Data Scientist,UK,Entry,Finance,117973.0
431,2021,ML Engineer,USA,Senior,E-commerce,120053.0
432,2024,AI Engineer,Germany,Entry,E-commerce,149638.0
433,2023,ML Engineer,USA,Entry,Healthcare,85412.0
434,2026,ML Engineer,India,Mid,Finance,158227.0
435,2024,Business Analyst,Germany,Mid,E-commerce,
436,2023,Data Scientist,India,Senior,IT Services,
437,2020,ML Engineer,USA,Senior,Healthcare,
438,2024,AI Engineer,Canada,Senior,IT Services,
439,2026,Business Analyst,UK,Senior,IT Services,
440,2023,Data Analyst,USA,Mid,IT Services,155701.0
441,2022,Data Analyst,Germany,Entry,Finance,
442,2026,Business Analyst,Germany,Entry,Manufacturing,
443,2026,Data Scientist,India,Senior,Healthcare,76499.0
444,2024,Business Analyst,USA,Mid,Healthcare,
445,2026,Business Analyst,India,Entry,E-commerce,
446,2026,Data Scientist,USA,Entry,Finance,
447,2026,AI Engineer,Germany,Entry,Manufacturing,124435.0
448,2023,AI Engineer,India,Senior,IT Services,
449,2025,ML Engineer,Germany,Mid,Healthcare,
450,2025,AI Engineer,UK,Entry,Manufacturing,40648.0
451,2023,Data Scientist,Germany,Mid,Healthcare,144258.0
452,2024,Business Analyst,USA,Senior,E-commerce,
453,2020,Data Analyst,Germany,Entry,IT Services,130109.0
454,2023,Data Analyst,Germany,Entry,Finance,
455,2026,ML Engineer,India,Senior,Healthcare,119132.0
456,2022,Data Scientist,India,Mid,Healthcare,105638.0
457,2025,Data Analyst,India,Entry,Finance,
458,2021,Business Analyst,USA,Senior,E-commerce,164992.0
459,2025,ML Engineer,India,Mid,Finance,42434.0
460,2021,AI Engineer,India,Senior,IT Services,165226.0
461,2022,ML Engineer,USA,Mid,Finance,
462,2024,Business Analyst,India,Senior,Finance,77448.0
463,2025,Data Scientist,USA,Mid,Manufacturing,
464,2020,Data Analyst,USA,Entry,Manufacturing,155968.0
465,2023,ML Engineer,USA,Entry,Healthcare,
466,2024,Business Analyst,Canada,Senior,Manufacturing,62085.0
467,2026,ML Engineer,USA,Senior,Manufacturing,114690.0
468,2025,AI Engineer,UK,Senior,IT Services,173568.0
469,2023,Data Analyst,USA,Mid,Manufacturing,
470,2022,ML Engineer,USA,Mid,Manufacturing,58615.0
471,2024,Data Scientist,Germany,Entry,IT Services,
472,2022,Data Scientist,India,Entry,E-commerce,57703.0
473,2025,Business Analyst,Germany,Mid,E-commerce,
474,2022,Data Analyst,UK,Entry,Manufacturing,61607.0
475,2024,ML Engineer,Germany,Senior,IT Services,93267.0
476,2025,Data Scientist,India,Entry,IT Services,
477,2023,Business Analyst,Canada,Entry,Healthcare,153897.0
478,2020,Data Scientist,India,Entry,E-commerce,86044.0
479,2021,ML Engineer,USA,Senior,Healthcare,
480,2022,AI Engineer,UK,Senior,IT Services,70947.0
481,2023,AI Engineer,Canada,Mid,IT Services,108930.0
482,2022,Data Scientist,UK,Entry,Manufacturing,170969.0
483,2025,Business Analyst,India,Entry,IT Services,70234.0
484,2023,ML Engineer,Germany,Entry,Finance,104107.0
485,2021,ML Engineer,USA,Mid,Healthcare,
486,2024,ML Engineer,India,Senior,IT Services,111108.0
487,2026,Business Analyst,India,Mid,IT Services,87014.0
488,2026,ML Engineer,UK,Entry,Manufacturing,
489,2022,Data Scientist,UK,Senior,Healthcare,159733.0
490,2022,Business Analyst,Germany,Entry,Manufacturing,
491,2020,AI Engineer,India,Entry,Manufacturing,104258.0
492,2022,Data Analyst,Germany,Senior,Healthcare,130812.0
493,2024,Data Scientist,Germany,Mid,IT Services,67249.0
494,2020,Data Analyst,USA,Senior,E-commerce,
495,2025,Data Analyst,Canada,Entry,Manufacturing,
496,2020,Business Analyst,Canada,Entry,E-commerce,
497,2022,ML Engineer,UK,Mid,Healthcare,74264.0
498,2022,Data Scientist,India,Entry,Finance,
499,2020,Data Scientist,Germany,Mid,Healthcare,68566.0
500,2024,ML Engineer,USA,Mid,Healthcare,146564.0
501,2026,Data Analyst,India,Entry,Healthcare,
502,2026,ML Engineer,USA,Entry,Finance,50572.0
503,2024,Data Analyst,UK,Mid,Finance,
504,2026,AI Engineer,Canada,Senior,Manufacturing,
505,2023,Data Analyst,USA,Entry,IT Services,105497.0
506,2021,Data Scientist,Germany,Mid,IT Services,56166.0
507,2020,Data Analyst,USA,Senior,E-commerce,107848.0
508,2026,ML Engineer,India,Entry,E-commerce,73761.0
509,2024,AI Engineer,Germany,Mid,IT Services,53274.0
510,2021,ML Engineer,USA,Entry,Healthcare,
511,2021,Data Analyst,Canada,Senior,Manufacturing,
512,2023,AI Engineer,Canada,Mid,IT Services,
513,2023,Data Scientist,Germany,Entry,Manufacturing,
514,2023,ML Engineer,Germany,Senior,E-commerce,105312.0
515,2023,ML Engineer,USA,Entry,Healthcare,
516,2026,ML Engineer,India,Mid,Manufacturing,97414.0
517,2021,Data Analyst,USA,Senior,Finance,133698.0
518,2026,Data Scientist,Canada,Mid,Healthcare,109868.0
519,2021,Business Analyst,UK,Senior,Healthcare,85537.0
520,2024,Business Analyst,USA,Senior,Finance,
521,2021,AI Engineer,India,Entry,IT Services,
522,2020,Business Analyst,Germany,Entry,Healthcare,100980.0
523,2022,Data Scientist,UK,Entry,IT Services,92812.0
524,2026,Data Analyst,Canada,Mid,IT Services,78721.0
525,2024,Data Analyst,UK,Mid,Healthcare,
526,2025,AI Engineer,Germany,Senior,Healthcare,75769.0
527,2021,Business Analyst,USA,Mid,Healthcare,
528,2021,Data Analyst,Canada,Mid,Manufacturing,117205.0
529,2024,ML Engineer,Canada,Entry,Manufacturing,48488.0
530,2021,ML Engineer,India,Entry,Healthcare,
531,2025,Data Analyst,UK,Mid,IT Services,123759.0
532,2021,Data Analyst,UK,Mid,IT Services,109523.0
533,2023,AI Engineer,Germany,Entry,E-commerce,40335.0
534,2022,Business Analyst,Germany,Entry,E-commerce,
535,2023,Data Analyst,India,Mid,IT Services,99135.0
536,2020,Data Analyst,UK,Entry,E-commerce,
537,2024,Data Analyst,UK,Senior,Manufacturing,82180.0
538,2023,Data Scientist,Canada,Mid,Finance,166546.0
539,2022,Data Scientist,USA,Mid,Manufacturing,54039.0
540,2022,Data Scientist,India,Entry,E-commerce,
541,2020,ML Engineer,India,Mid,IT Services,168699.0
542,2021,Data Analyst,India,Entry,Finance,
543,2023,Data Analyst,UK,Mid,E-commerce,116496.0
544,2020,Business Analyst,Germany,Entry,Healthcare,
545,2021,AI Engineer,India,Mid,E-commerce,
546,2021,ML Engineer,Canada,Entry,Finance,
547,2025,ML Engineer,Canada,Mid,Manufacturing,65350.0
548,2026,AI Engineer,Canada,Mid,Manufacturing,99641.0
549,2023,ML Engineer,India,Mid,IT Services,164472.0
550,2020,AI Engineer,USA,Entry,Finance,171622.0
551,2020,AI Engineer,India,Senior,E-commerce,90521.0
552,2026,Business Analyst,UK,Mid,IT Services,92931.0
553,2024,AI Engineer,Canada,Mid,Healthcare,
554,2026,Data Analyst,Canada,Senior,Manufacturing,
555,2023,Data Scientist,USA,Senior,Manufacturing,149994.0
556,2024,Data Analyst,UK,Senior,Healthcare,66267.0
557,2023,AI Engineer,Canada,Senior,E-commerce,
558,2022,AI Engineer,USA,Senior,Manufacturing,49821.0
559,2023,ML Engineer,USA,Entry,E-commerce,145308.0
560,2020,ML Engineer,UK,Mid,Healthcare,
561,2026,Data Scientist,USA,Mid,E-commerce,168875.0
562,2025,AI Engineer,Canada,Senior,IT Services,
563,2021,AI Engineer,Germany,Senior,Healthcare,
564,2020,ML Engineer,Canada,Mid,Finance,54734.0
565,2021,Data Scientist,USA,Entry,Finance,177438.0
566,2020,ML Engineer,USA,Mid,Healthcare,
567,2025,Data Analyst,India,Entry,Healthcare,
568,2021,AI Engineer,Canada,Senior,Healthcare,
569,2026,ML Engineer,India,Mid,IT Services,130242.0
570,2021,Business Analyst,USA,Entry,Finance,141335.0
571,2025,AI Engineer,Canada,Entry,IT Services,
572,2025,Data Scientist,Canada,Entry,Finance,164281.0
573,2025,ML Engineer,Germany,Mid,Healthcare,
574,2021,AI Engineer,UK,Senior,Manufacturing,
575,2020,Business Analyst,UK,Senior,Manufacturing,144111.0
576,2025,Data Analyst,Germany,Entry,Healthcare,
577,2026,ML Engineer,UK,Senior,Healthcare,
578,2024,Data Scientist,India,Senior,E-commerce,89377.0
579,2025,Data Analyst,Germany,Mid,Healthcare,123777.0
580,2023,Data Analyst,Canada,Senior,Manufacturing,
581,2025,Data Scientist,Canada,Senior,E-commerce,
582,2026,Data Scientist,Canada,Entry,Healthcare,
583,2021,ML Engineer,Canada,Entry,Healthcare,
584,2022,Data Scientist,UK,Mid,Healthcare,63409.0
585,2024,ML Engineer,Germany,Entry,E-commerce,
586,2023,Data Scientist,Canada,Entry,E-commerce,54071.0
587,2023,Data Analyst,USA,Entry,Finance,
588,2024,AI Engineer,USA,Mid,Finance,
589,2022,Data Scientist,UK,Senior,IT Services,
590,2022,Data Scientist,USA,Senior,Finance,
591,2021,Business Analyst,Germany,Senior,E-commerce,168339.0
592,2023,AI Engineer,India,Entry,Manufacturing,
593,2020,ML Engineer,Canada,Entry,IT Services,
594,2021,ML Engineer,UK,Entry,IT Services,41081.0
595,2021,Data Analyst,India,Mid,Healthcare,
596,2023,Data Scientist,UK,Mid,Healthcare,
597,2026,AI Engineer,India,Entry,Finance,89394.0
598,2025,Data Analyst,Canada,Senior,Finance,74394.0
599,2025,Data Analyst,Germany,Senior,Healthcare,
600,2025,Data Analyst,India,Entry,IT Services,52736.0
601,2023,Data Analyst,Canada,Mid,E-commerce,
602,2025,Data Analyst,UK,Mid,IT Services,80141.0
603,2024,Business Analyst,USA,Mid,IT Services,
604,2022,Data Analyst,India,Mid,Finance,174108.0
605,2026,Business Analyst,USA,Mid,E-commerce,
606,2020,Business Analyst,Germany,Entry,E-commerce,117424.0
607,2020,Data Analyst,India,Entry,Manufacturing,126665.0
608,2020,Business Analyst,India,Senior,IT Services,169526.0
609,2023,ML Engineer,UK,Mid,IT Services,107080.0
610,2026,Data Analyst,UK,Mid,Healthcare,66164.0
611,2020,Data Analyst,India,Entry,Finance,151672.0
612,2023,Business Analyst,UK,Senior,IT Services,
613,2021,Data Analyst,Germany,Mid,E-commerce,
614,2025,AI Engineer,Germany,Senior,Finance,
615,2025,Data Analyst,USA,Entry,E-commerce,69637.0
616,2021,Business Analyst,Germany,Mid,Manufacturing,
617,2023,AI Engineer,India,Mid,E-commerce,47554.0
618,2022,ML Engineer,India,Senior,Manufacturing,52051.0
619,2024,Business Analyst,Canada,Entry,E-commerce,
620,2022,AI Engineer,USA,Senior,Manufacturing,
621,2025,Data Scientist,Canada,Mid,E-commerce,54304.0
622,2026,AI Engineer,UK,Entry,Healthcare,83359.0
623,2024,Data Scientist,Canada,Senior,E-commerce,112917.0
624,2020,AI Engineer,Germany,Senior,E-commerce,145716.0
625,2023,ML Engineer,India,Mid,IT Services,
626,2023,Data Analyst,Canada,Senior,IT Services,
627,2024,Business Analyst,USA,Senior,E-commerce,
628,2026,Data Analyst,USA,Mid,Healthcare,
629,2025,AI Engineer,India,Entry,Finance,
630,2022,ML Engineer,Canada,Senior,Healthcare,
631,2021,AI Engineer,USA,Senior,E-commerce,67871.0
632,2024,Data Scientist,USA,Entry,E-commerce,
633,2026,Data Scientist,UK,Entry,E-commerce,
634,2026,AI Engineer,Germany,Senior,Manufacturing,52189.0
635,2023,Data Analyst,Canada,Senior,IT Services,172172.0
636,2024,Data Scientist,Canada,Entry,Finance,
637,2025,Business Analyst,Canada,Mid,Manufacturing,
638,2024,Data Scientist,UK,Mid,Healthcare,
639,2026,Data Scientist,USA,Mid,Manufacturing,
640,2026,Business Analyst,UK,Senior,Manufacturing,
641,2021,Business Analyst,UK,Senior,Healthcare,96975.0
642,2024,Business Analyst,UK,Senior,IT Services,74779.0
643,2024,Business Analyst,Germany,Senior,Manufacturing,
644,2026,Data Analyst,Canada,Entry,IT Services,
645,2020,Data Analyst,USA,Mid,Finance,139842.0
646,2021,Data Analyst,UK,Entry,Manufacturing,
647,2026,AI Engineer,India,Senior,Manufacturing,
648,2021,Business Analyst,UK,Senior,IT Services,
649,2023,ML Engineer,Canada,Entry,IT Services,
650,2024,AI Engineer,USA,Senior,Healthcare,105887.0
651,2022,AI Engineer,USA,Senior,IT Services,91503.0
652,2025,Business Analyst,India,Mid,IT Services,89014.0
653,2024,ML Engineer,USA,Entry,Manufacturing,
654,2022,AI Engineer,USA,Entry,Finance,106850.0
655,2026,Business Analyst,UK,Mid,Manufacturing,124575.0
656,2026,ML Engineer,Canada,Entry,Finance,133869.0
657,2026,Business Analyst,USA,Mid,Manufacturing,176473.0
658,2022,Data Scientist,USA,Senior,Healthcare,145753.0
659,2022,Data Scientist,Canada,Senior,E-commerce,
660,2025,ML Engineer,Germany,Entry,Manufacturing,42307.0
661,2025,ML Engineer,Germany,Entry,E-commerce,103917.0
662,2020,Business Analyst,UK,Senior,Manufacturing,
663,2020,ML Engineer,USA,Mid,Manufacturing,
664,2021,Business Analyst,Canada,Entry,IT Services,61586.0
665,2026,AI Engineer,India,Entry,Manufacturing,95255.0
666,2025,Data Scientist,India,Mid,Healthcare,154094.0
667,2020,Data Analyst,USA,Mid,Manufacturing,49931.0
668,2022,AI Engineer,Germany,Mid,E-commerce,58465.0
669,2020,AI Engineer,India,Senior,IT Services,
670,2025,Data Analyst,UK,Senior,IT Services,56577.0
671,2024,Data Analyst,UK,Mid,E-commerce,
672,2023,Data Scientist,Canada,Entry,Finance,143576.0
673,2025,Data Scientist,UK,Senior,Healthcare,
674,2020,Data Analyst,India,Senior,Manufacturing,42922.0
675,2022,Data Scientist,UK,Entry,E-commerce,143306.0
676,2021,Data Scientist,USA,Senior,Healthcare,174362.0
677,2021,Business Analyst,India,Senior,E-commerce,90941.0
678,2025,Data Analyst,UK,Entry,Finance,
679,2022,Data Scientist,USA,Entry,Healthcare,
680,2022,AI Engineer,Germany,Mid,Manufacturing,58299.0
681,2024,Business Analyst,UK,Mid,E-commerce,120130.0
682,2022,Data Scientist,USA,Senior,E-commerce,84207.0
683,2021,ML Engineer,Germany,Mid,E-commerce,
684,2023,Business Analyst,India,Entry,Manufacturing,
685,2026,Data Scientist,Canada,Entry,Healthcare,
686,2020,Business Analyst,India,Senior,Manufacturing,60044.0
687,2020,Business Analyst,UK,Senior,Manufacturing,146203.0
688,2022,AI Engineer,USA,Senior,Healthcare,163759.0
689,2024,Business Analyst,India,Mid,Healthcare,
690,2025,Data Scientist,Canada,Senior,Finance,171640.0
691,2023,Data Scientist,USA,Senior,Manufacturing,174777.0
692,2022,Data Analyst,USA,Mid,Finance,
693,2022,Data Scientist,India,Senior,Finance,
694,2023,AI Engineer,Germany,Entry,IT Services,
695,2025,Business Analyst,UK,Senior,Healthcare,124953.0
696,2025,AI Engineer,UK,Senior,IT Services,
697,2023,Data Scientist,Canada,Mid,Healthcare,
698,2026,AI Engineer,Canada,Entry,Manufacturing,
699,2021,Data Scientist,India,Senior,Healthcare,
700,2021,Data Scientist,UK,Senior,IT Services,95447.0
701,2026,ML Engineer,India,Mid,E-commerce,
702,2024,Data Scientist,Germany,Entry,Finance,165572.0
703,2024,Business Analyst,USA,Entry,Manufacturing,51310.0
704,2020,Data Scientist,UK,Entry,Manufacturing,50273.0
705,2025,ML Engineer,India,Entry,E-commerce,146287.0
706,2021,Data Scientist,Germany,Senior,Finance,
707,2021,ML Engineer,Germany,Senior,Manufacturing,
708,2023,AI Engineer,USA,Entry,IT Services,58046.0
709,2026,Data Scientist,Canada,Entry,Finance,
710,2026,Business Analyst,Canada,Entry,IT Services,164746.0
711,2024,Business Analyst,India,Senior,E-commerce,166416.0
712,2022,Data Analyst,Canada,Mid,Finance,
713,2022,Business Analyst,Canada,Entry,E-commerce,
714,2023,Data Scientist,India,Mid,Manufacturing,
715,2021,Data Analyst,India,Senior,Manufacturing,
716,2023,Data Scientist,UK,Mid,Healthcare,70888.0
717,2023,Business Analyst,UK,Mid,Manufacturing,67940.0
718,2024,ML Engineer,Germany,Entry,E-commerce,
719,2022,Business Analyst,Canada,Mid,Healthcare,166476.0
720,2026,AI Engineer,USA,Senior,IT Services,
721,2026,Data Scientist,India,Entry,Manufacturing,
722,2026,Business Analyst,Canada,Senior,IT Services,
723,2025,Data Analyst,India,Entry,E-commerce,
724,2020,ML Engineer,USA,Mid,IT Services,154131.0
725,2023,Business Analyst,Canada,Mid,Manufacturing,
726,2025,AI Engineer,Germany,Entry,Finance,55063.0
727,2021,Data Analyst,Canada,Senior,Manufacturing,
728,2025,Data Analyst,UK,Entry,IT Services,100731.0
729,2022,AI Engineer,UK,Senior,E-commerce,81273.0
730,2024,Data Analyst,India,Entry,Manufacturing,146286.0
731,2022,ML Engineer,USA,Senior,Finance,
732,2024,Data Analyst,UK,Entry,E-commerce,
733,2024,Data Analyst,Canada,Mid,Healthcare,172707.0
734,2024,Business Analyst,UK,Senior,E-commerce,
735,2026,Data Scientist,UK,Mid,E-commerce,
736,2020,ML Engineer,India,Mid,Finance,
737,2023,ML Engineer,Canada,Senior,IT Services,
738,2022,Data Analyst,Germany,Senior,Healthcare,109035.0
739,2023,ML Engineer,UK,Entry,Manufacturing,59930.0
740,2025,Data Scientist,Germany,Senior,Finance,110536.0
741,2026,ML Engineer,USA,Entry,Finance,101567.0
742,2021,Data Analyst,India,Entry,E-commerce,
743,2026,AI Engineer,UK,Senior,Healthcare,41736.0
744,2023,Data Scientist,Canada,Mid,E-commerce,
745,2020,Business Analyst,Germany,Mid,Manufacturing,98220.0
746,2023,Data Scientist,Germany,Entry,Manufacturing,
747,2025,Data Analyst,India,Senior,Finance,
748,2022,ML Engineer,Canada,Mid,Finance,139464.0
749,2022,AI Engineer,Canada,Mid,Healthcare,108904.0
750,2023,Data Scientist,Germany,Senior,Healthcare,
751,2022,AI Engineer,USA,Senior,Finance,
752,2025,ML Engineer,USA,Senior,E-commerce,99917.0
753,2021,Data Scientist,Germany,Entry,Finance,139846.0
754,2021,Business Analyst,Canada,Senior,Healthcare,
755,2022,Business Analyst,Canada,Entry,E-commerce,
756,2020,Data Scientist,UK,Mid,IT Services,65945.0
757,2022,ML Engineer,UK,Senior,Manufacturing,
758,2020,AI Engineer,India,Mid,Manufacturing,
759,2026,ML Engineer,UK,Mid,Manufacturing,92155.0
760,2020,AI Engineer,Canada,Mid,E-commerce,
761,2025,ML Engineer,Germany,Senior,Manufacturing,77971.0
762,2020,Data Scientist,UK,Entry,Healthcare,146108.0
763,2025,ML Engineer,Canada,Senior,E-commerce,
764,2026,ML Engineer,Canada,Senior,E-commerce,
765,2021,Data Analyst,USA,Senior,Finance,148524.0
766,2021,Data Scientist,Germany,Entry,IT Services,105967.0
767,2024,Data Analyst,India,Mid,Manufacturing,
768,2022,Business Analyst,USA,Entry,E-commerce,61823.0
769,2021,ML Engineer,Germany,Senior,Finance,121099.0
770,2020,Data Analyst,UK,Mid,E-commerce,74413.0
771,2024,AI Engineer,USA,Senior,Manufacturing,
772,2025,Business Analyst,Germany,Senior,Manufacturing,
773,2023,Business Analyst,USA,Entry,E-commerce,
774,2023,ML Engineer,USA,Mid,IT Services,
775,2022,ML Engineer,Germany,Senior,IT Services,40024.0
776,2022,Data Analyst,Germany,Mid,Manufacturing,
777,2024,ML Engineer,USA,Mid,Manufacturing,100611.0
778,2021,Data Scientist,Germany,Mid,Finance,
779,2023,Data Scientist,Canada,Senior,Healthcare,108938.0
780,2023,Data Scientist,India,Entry,Finance,
781,2025,AI Engineer,Canada,Mid,Healthcare,115915.0
782,2022,Data Analyst,USA,Entry,Manufacturing,168973.0
783,2020,ML Engineer,UK,Entry,E-commerce,45801.0
784,2020,Data Scientist,India,Mid,Finance,42150.0
785,2022,AI Engineer,UK,Mid,IT Services,
786,2026,Data Scientist,India,Mid,E-commerce,126572.0
787,2021,Data Scientist,UK,Mid,IT Services,
788,2023,AI Engineer,USA,Senior,IT Services,71971.0
789,2025,Data Analyst,Canada,Senior,Finance,
790,2025,ML Engineer,UK,Entry,IT Services,
791,2022,AI Engineer,UK,Entry,Healthcare,176557.0
792,2020,Data Scientist,Germany,Mid,IT Services,53654.0
793,2024,Data Analyst,Germany,Entry,IT Services,
794,2025,Business Analyst,USA,Mid,IT Services,
795,2023,Data Analyst,Canada,Mid,IT Services,105201.0
796,2025,Data Scientist,Canada,Entry,Finance,
797,2022,Business Analyst,UK,Mid,Finance,167885.0
798,2022,Data Scientist,UK,Entry,E-commerce,
799,2024,AI Engineer,USA,Senior,Finance,
800,2025,AI Engineer,UK,Senior,Manufacturing,
801,2024,Data Scientist,Germany,Mid,Healthcare,82033.0
802,2020,Business Analyst,Germany,Senior,Finance,
803,2026,Business Analyst,USA,Mid,IT Services,
804,2024,AI Engineer,Canada,Entry,Manufacturing,141578.0
805,2023,ML Engineer,India,Entry,Manufacturing,
806,2026,Data Scientist,USA,Entry,Finance,57479.0
807,2021,Data Analyst,India,Senior,E-commerce,
808,2020,ML Engineer,USA,Senior,IT Services,
809,2025,AI Engineer,India,Mid,IT Services,43430.0
810,2026,ML Engineer,India,Senior,Healthcare,
811,2025,Data Analyst,UK,Entry,Finance,178679.0
812,2020,Data Scientist,Canada,Mid,Finance,176179.0
813,2024,Data Scientist,Canada,Senior,Manufacturing,90625.0
814,2026,Business Analyst,UK,Senior,E-commerce,148838.0
815,2021,Data Scientist,Canada,Mid,Manufacturing,151955.0
816,2024,Business Analyst,Germany,Mid,Healthcare,128476.0
817,2023,AI Engineer,UK,Senior,Finance,
818,2026,Business Analyst,UK,Mid,E-commerce,
819,2020,Data Analyst,UK,Senior,IT Services,
820,2022,Data Analyst,UK,Entry,Finance,175688.0
821,2026,ML Engineer,Canada,Senior,Manufacturing,122550.0
822,2020,AI Engineer,UK,Entry,Finance,80557.0
823,2024,Data Scientist,USA,Mid,Healthcare,
824,2024,Data Scientist,India,Senior,Healthcare,
825,2023,Business Analyst,India,Senior,Healthcare,166493.0
826,2020,Data Analyst,UK,Mid,E-commerce,
827,2026,Data Scientist,Canada,Entry,E-commerce,149188.0
828,2024,Data Analyst,UK,Senior,Manufacturing,
829,2024,Data Scientist,USA,Entry,E-commerce,
830,2021,AI Engineer,UK,Mid,Finance,156815.0
831,2020,AI Engineer,Canada,Senior,IT Services,
832,2020,AI Engineer,Canada,Mid,Finance,
833,2024,Data Scientist,Germany,Mid,Manufacturing,
834,2021,Data Analyst,UK,Mid,Healthcare,91406.0
835,2025,AI Engineer,Germany,Mid,Healthcare,63486.0
836,2022,Business Analyst,India,Mid,Finance,
837,2024,Data Scientist,Germany,Entry,Finance,
838,2021,Data Analyst,India,Senior,IT Services,
839,2026,ML Engineer,India,Mid,IT Services,103713.0
840,2023,Data Analyst,UK,Entry,Manufacturing,
841,2024,Business Analyst,UK,Senior,E-commerce,95541.0
842,2023,Business Analyst,Canada,Entry,Healthcare,77053.0
843,2022,Data Scientist,Canada,Mid,IT Services,84648.0
844,2020,AI Engineer,UK,Senior,Healthcare,161886.0
845,2022,AI Engineer,USA,Mid,Manufacturing,68283.0
846,2023,Business Analyst,Canada,Entry,Finance,
847,2024,Data Analyst,India,Entry,Manufacturing,
848,2023,AI Engineer,USA,Entry,Healthcare,
849,2025,ML Engineer,USA,Senior,Healthcare,
850,2023,Data Analyst,Canada,Mid,Finance,
851,2023,Data Scientist,India,Senior,E-commerce,
852,2023,Data Scientist,Canada,Entry,E-commerce,176503.0
853,2023,Business Analyst,USA,Entry,Finance,
854,2022,Business Analyst,USA,Mid,Finance,93034.0
855,2020,Business Analyst,Canada,Senior,IT Services,
856,2026,Data Scientist,India,Mid,E-commerce,
857,2023,ML Engineer,USA,Entry,IT Services,
858,2020,Business Analyst,Canada,Mid,Manufacturing,74483.0
859,2021,Data Analyst,UK,Entry,E-commerce,100532.0
860,2025,ML Engineer,USA,Mid,E-commerce,
861,2021,Data Scientist,USA,Entry,E-commerce,164216.0
862,2023,Data Scientist,USA,Entry,IT Services,
863,2026,Business Analyst,Germany,Senior,Healthcare,
864,2023,AI Engineer,India,Senior,E-commerce,159942.0
865,2024,Business Analyst,Canada,Senior,Manufacturing,
866,2023,AI Engineer,India,Entry,Manufacturing,50095.0
867,2024,AI Engineer,Canada,Senior,IT Services,143707.0
868,2023,AI Engineer,UK,Mid,E-commerce,
869,2022,Business Analyst,India,Senior,Manufacturing,
870,2026,AI Engineer,India,Senior,Manufacturing,
871,2026,Business Analyst,Canada,Entry,E-commerce,69667.0
872,2023,Data Analyst,USA,Mid,Manufacturing,
873,2020,ML Engineer,UK,Senior,Finance,
874,2020,AI Engineer,UK,Entry,Manufacturing,72386.0
875,2023,Business Analyst,Germany,Entry,Finance,140686.0
876,2021,Data Scientist,USA,Senior,IT Services,127868.0
877,2022,AI Engineer,UK,Senior,Finance,
878,2021,Data Analyst,Canada,Mid,IT Services,70816.0
879,2026,AI Engineer,Canada,Entry,Manufacturing,
880,2021,Business Analyst,Germany,Mid,E-commerce,169359.0
881,2024,Business Analyst,India,Entry,Manufacturing,155834.0
882,2020,Data Scientist,USA,Entry,Healthcare,112905.0
883,2026,Data Analyst,Canada,Senior,Healthcare,49626.0
884,2020,Data Analyst,Germany,Entry,Finance,126798.0
885,2023,Business Analyst,UK,Entry,IT Services,114548.0
886,2022,AI Engineer,India,Mid,Manufacturing,
887,2023,Data Scientist,India,Senior,Healthcare,
888,2024,Data Scientist,USA,Senior,IT Services,
889,2023,Business Analyst,UK,Mid,Manufacturing,68652.0
890,2024,Business Analyst,Canada,Mid,Finance,
891,2023,Data Scientist,Canada,Entry,Healthcare,
892,2020,Data Analyst,Germany,Senior,IT Services,90739.0
893,2023,Data Analyst,UK,Mid,Manufacturing,
894,2025,Data Scientist,UK,Mid,IT Services,95663.0
895,2024,Business Analyst,UK,Entry,IT Services,
896,2023,Business Analyst,Canada,Entry,Finance,
897,2026,ML Engineer,Germany,Mid,IT Services,
898,2021,AI Engineer,Canada,Mid,E-commerce,
899,2026,Business Analyst,UK,Senior,Healthcare,148515.0
900,2024,ML Engineer,UK,Entry,Finance,44906.0
901,2022,AI Engineer,Canada,Entry,Manufacturing,113520.0
902,2024,Data Analyst,UK,Senior,Healthcare,142122.0
903,2023,Data Analyst,Germany,Entry,Healthcare,
904,2021,Business Analyst,UK,Entry,IT Services,
905,2026,Data Scientist,India,Mid,Manufacturing,138098.0
906,2024,Data Scientist,USA,Mid,E-commerce,
907,2026,ML Engineer,USA,Entry,Manufacturing,
908,2025,Data Analyst,Germany,Mid,Manufacturing,74791.0
909,2022,Data Analyst,Canada,Entry,Healthcare,70365.0
910,2020,Business Analyst,UK,Entry,Manufacturing,162388.0
911,2022,Data Scientist,USA,Mid,Healthcare,121826.0
912,2026,AI Engineer,India,Mid,Finance,
913,2020,Data Analyst,Canada,Senior,Manufacturing,
914,2024,ML Engineer,Canada,Mid,Healthcare,66837.0
915,2024,Data Scientist,USA,Entry,Healthcare,
916,2020,Data Scientist,India,Mid,IT Services,
917,2020,Data Analyst,Germany,Mid,Finance,
918,2022,ML Engineer,USA,Senior,Manufacturing,
919,2024,Data Scientist,India,Senior,E-commerce,
920,2022,AI Engineer,Germany,Entry,Finance,
921,2022,AI Engineer,USA,Senior,Healthcare,
922,2023,Data Analyst,India,Mid,IT Services,
923,2023,Data Scientist,UK,Mid,Manufacturing,
924,2023,Data Analyst,UK,Senior,IT Services,73395.0
925,2023,Business Analyst,Germany,Entry,Manufacturing,
926,2023,AI Engineer,India,Mid,Finance,103882.0
927,2024,ML Engineer,Canada,Senior,Finance,
928,2025,Business Analyst,Germany,Entry,Manufacturing,85373.0
929,2024,Data Analyst,Germany,Entry,Healthcare,
930,2024,Data Analyst,Canada,Mid,Healthcare,146376.0
931,2020,Data Scientist,USA,Senior,IT Services,169576.0
932,2023,Business Analyst,UK,Mid,Manufacturing,78463.0
933,2021,ML Engineer,UK,Senior,Healthcare,157220.0
934,2020,Business Analyst,India,Senior,Manufacturing,
935,2026,ML Engineer,India,Mid,Manufacturing,145957.0
936,2025,Business Analyst,UK,Entry,Healthcare,53927.0
937,2023,Business Analyst,Germany,Senior,Healthcare,48174.0
938,2023,AI Engineer,Canada,Entry,Finance,
939,2021,Business Analyst,Germany,Mid,E-commerce,164484.0
940,2026,Data Scientist,USA,Entry,IT Services,
941,2025,AI Engineer,Germany,Entry,IT Services,44117.0
942,2026,AI Engineer,Canada,Mid,Manufacturing,
943,2024,AI Engineer,Canada,Mid,E-commerce,
944,2021,AI Engineer,Canada,Entry,Manufacturing,133141.0
945,2025,Business Analyst,UK,Mid,Manufacturing,170588.0
946,2020,Business Analyst,Germany,Senior,Healthcare,136198.0
947,2025,Data Analyst,USA,Senior,Manufacturing,
948,2024,Data Analyst,Canada,Senior,IT Services,
949,2025,Data Analyst,Canada,Senior,Healthcare,
950,2024,Data Analyst,Germany,Mid,Manufacturing,
951,2023,ML Engineer,UK,Mid,Finance,
952,2025,Business Analyst,UK,Entry,E-commerce,
953,2025,ML Engineer,Canada,Entry,Healthcare,84323.0
954,2021,Business Analyst,India,Mid,Healthcare,167076.0
955,2022,ML Engineer,India,Senior,IT Services,
956,2025,AI Engineer,UK,Entry,Healthcare,85773.0
957,2021,Business Analyst,India,Mid,IT Services,
958,2026,AI Engineer,Germany,Mid,Finance,78029.0
959,2021,Business Analyst,UK,Entry,Healthcare,155391.0
960,2021,AI Engineer,Germany,Mid,Healthcare,70407.0
961,2023,AI Engineer,Germany,Mid,Finance,164850.0
962,2020,ML Engineer,Germany,Mid,Healthcare,
963,2020,Business Analyst,UK,Mid,Manufacturing,179002.0
964,2022,ML Engineer,India,Mid,Manufacturing,
965,2026,Data Scientist,Canada,Entry,Manufacturing,
966,2022,Business Analyst,India,Senior,IT Services,128449.0
967,2023,Data Analyst,Canada,Entry,E-commerce,57813.0
968,2025,ML Engineer,UK,Entry,IT Services,132147.0
969,2020,Business Analyst,USA,Senior,IT Services,46212.0
970,2026,Business Analyst,USA,Mid,Manufacturing,71451.0
971,2025,Data Scientist,UK,Mid,E-commerce,88435.0
972,2022,AI Engineer,UK,Mid,Finance,
973,2026,Data Analyst,Germany,Mid,Healthcare,
974,2026,ML Engineer,USA,Mid,IT Services,
975,2024,AI Engineer,USA,Senior,E-commerce,168901.0
976,2024,AI Engineer,USA,Senior,IT Services,68424.0
977,2020,Data Analyst,India,Entry,Manufacturing,
978,2020,AI Engineer,USA,Senior,IT Services,
979,2022,Data Scientist,UK,Mid,Manufacturing,
980,2023,AI Engineer,Germany,Senior,IT Services,
981,2023,AI Engineer,India,Senior,Manufacturing,99204.0
982,2025,ML Engineer,Germany,Entry,IT Services,
983,2020,AI Engineer,UK,Senior,Finance,
984,2023,Data Scientist,UK,Senior,E-commerce,86299.0
985,2023,Data Analyst,Germany,Senior,Finance,
986,2021,Data Analyst,Canada,Entry,E-commerce,76685.0
987,2026,Business Analyst,UK,Mid,Manufacturing,141913.0
988,2020,ML Engineer,India,Mid,IT Services,157783.0
989,2021,Business Analyst,Germany,Senior,Manufacturing,146301.0
990,2020,Data Analyst,USA,Mid,IT Services,79047.0
991,2021,Data Scientist,India,Entry,IT Services,163527.0
992,2023,Business Analyst,USA,Senior,IT Services,120566.0
993,2023,Business Analyst,Canada,Entry,IT Services,67874.0
994,2022,AI Engineer,UK,Entry,Manufacturing,
995,2026,Data Scientist,India,Senior,Finance,
996,2020,ML Engineer,USA,Mid,Finance,127950.0
997,2023,Data Scientist,Canada,Entry,Finance,136974.0
998,2026,Data Scientist,India,Mid,IT Services,
999,2021,Data Analyst,Canada,Mid,E-commerce,41664.0
1000,2021,Data Scientist,UK,Senior,E-commerce,164783.0
508,2026,ML Engineer,India,Entry,E-commerce,73761.0
819,2020,Data Analyst,UK,Senior,IT Services,
453,2020,Data Analyst,Germany,Entry,IT Services,130109.0
369,2026,AI Engineer,UK,Entry,Healthcare,162160.0
243,2020,Data Scientist,UK,Mid,Manufacturing,
930,2024,Data Analyst,Canada,Mid,Healthcare,146376.0
263,2021,AI Engineer,Germany,Mid,Manufacturing,
811,2025,Data Analyst,UK,Entry,Finance,178679.0
319,2020,Business Analyst,Canada,Mid,E-commerce,
50,2020,Data Analyst,Canada,Entry,Healthcare,
447,2026,AI Engineer,Germany,Entry,Manufacturing,124435.0
143,2026,Data Analyst,UK,Senior,Healthcare,
969,2020,Business Analyst,USA,Senior,IT Services,46212.0
346,2023,ML Engineer,India,Senior,IT Services,59144.0
972,2022,AI Engineer,UK,Mid,Finance,
134,2020,ML Engineer,UK,Mid,IT Services,
105,2026,ML Engineer,UK,Mid,Manufacturing,
7,2024,Data Analyst,Germany,Entry,Manufacturing,
601,2023,Data Analyst,Canada,Mid,E-commerce,
497,2022,ML Engineer,UK,Mid,Healthcare,74264.0
703,2024,Business Analyst,USA,Entry,Manufacturing,51310.0
473,2025,Business Analyst,Germany,Mid,E-commerce,
599,2025,Data Analyst,Germany,Senior,Healthcare,
503,2024,Data Analyst,UK,Mid,Finance,
434,2026,ML Engineer,India,Mid,Finance,158227.0
120,2023,ML Engineer,Canada,Mid,Healthcare,
109,2024,Business Analyst,UK,Mid,Manufacturing,
648,2021,Business Analyst,UK,Senior,IT Services,
590,2022,Data Scientist,USA,Senior,Finance,
375,2024,Data Analyst,Canada,Entry,IT Services,168009.0
911,2022,Data Scientist,USA,Mid,Healthcare,121826.0
719,2022,Business Analyst,Canada,Mid,Healthcare,166476.0
745,2020,Business Analyst,Germany,Mid,Manufacturing,98220.0
495,2025,Data Analyst,Canada,Entry,Manufacturing,
405,2026,Business Analyst,Germany,Mid,E-commerce,
275,2021,Data Analyst,USA,Entry,E-commerce,
79,2024,Business Analyst,Germany,Senior,E-commerce,
722,2026,Business Analyst,Canada,Senior,IT Services,
645,2020,Data Analyst,USA,Mid,Finance,139842.0
615,2025,Data Analyst,USA,Entry,E-commerce,69637.0
873,2020,ML Engineer,UK,Senior,Finance,
692,2022,Data Analyst,USA,Mid,Finance,
91,2022,ML Engineer,Germany,Mid,E-commerce,
102,2023,Business Analyst,UK,Mid,Finance,
95,2025,ML Engineer,UK,Entry,Manufacturing,
578,2024,Data Scientist,India,Senior,E-commerce,89377.0
538,2023,Data Scientist,Canada,Mid,Finance,166546.0
42,2020,Business Analyst,India,Entry,IT Services,179231.0
454,2023,Data Analyst,Germany,Entry,Finance,
996,2020,ML Engineer,USA,Mid,Finance,127950.0
